city_zh,province_zh,file_count
吉林市,吉林省,115
广州市,广东省,113
青岛市,山东省,90
苏州市,江苏省,88
深圳市,广东省,87
西安市,陕西省,82
南京市,江苏省,79
宁波市,浙江省,75
厦门市,福建省,70
济南市,山东省,70
郑州市,河南省,65
成都市,四川省,61
武汉市,湖北省,56
杭州市,浙江省,54
合肥市,安徽省,52
沈阳市,辽宁省,46
福州市,福建省,45
无锡市,江苏省,44
淄博市,山东省,41
石家庄市,河北省,39
南昌市,江西省,38
贵阳市,贵州省,36
南宁市,广西壮族自治区,36
珠海市,广东省,36
大连市,辽宁省,36
泉州市,福建省,35
邯郸市,河北省,33
昆明市,云南省,32
长沙市,湖南省,30
东营市,山东省,28
淮南市,安徽省,28
南通市,江苏省,27
新乡市,河南省,26
银川市,宁夏回族自治区,26
常州市,江苏省,25
扬州市,江苏省,25
太原市,山西省,24
襄阳市,湖北省,24
兰州市,甘肃省,22
安阳市,河南省,22
徐州市,江苏省,22
三明市,福建省,22
温州市,浙江省,21
鞍山市,辽宁省,21
宁德市,福建省,20
洛阳市,河南省,20
台州市,浙江省,19
忻州市,山西省,19
马鞍山市,安徽省,18
江门市,广东省,18
宿迁市,江苏省,18
镇江市,江苏省,18
衢州市,浙江省,18
滁州市,安徽省,17
赣州市,江西省,17
普洱市,云南省,17
烟台市,山东省,16
哈尔滨市,黑龙江省,16
汕头市,广东省,16
梅州市,广东省,15
楚雄彝族自治州,云南省,15
佛山市,广东省,15
蚌埠市,安徽省,15
长春市,吉林省,15
淮安市,江苏省,14
青浦区,上海市,14
桂林市,广西壮族自治区,14
广安市,四川省,14
湖州市,浙江省,14
德州市,山东省,14
绍兴市,浙江省,13
舟山市,浙江省,13
内江市,四川省,13
咸阳市,陕西省,13
包头市,内蒙古自治区,13
葫芦岛市,辽宁省,13
遵义市,贵州省,13
惠州市,广东省,13
十堰市,湖北省,13
宜昌市,湖北省,13
枣庄市,山东省,13
丽水市,浙江省,13
沧州市,河北省,13
芜湖市,安徽省,13
泰州市,江苏省,13
金昌市,甘肃省,13
抚顺市,辽宁省,12
宝鸡市,陕西省,12
南平市,福建省,12
威海市,山东省,12
鹰潭市,江西省,12
廊坊市,河北省,12
中山市,广东省,12
漳州市,福建省,12
双鸭山市,黑龙江省,12
鄂尔多斯市,内蒙古自治区,12
平顶山市,河南省,12
许昌市,河南省,12
滨州市,山东省,12
晋城市,山西省,11
嘉峪关市,甘肃省,11
连云港市,江苏省,11
淮北市,安徽省,11
唐山市,河北省,11
开封市,河南省,11
萍乡市,江西省,11
平凉市,甘肃省,11
亳州市,安徽省,11
衡水市,河北省,11
天水市,甘肃省,11
红河哈尼族彝族自治州,云南省,10
嘉兴市,浙江省,10
曲靖市,云南省,10
金华市,浙江省,10
鹤壁市,河南省,10
怒江傈僳族自治州,云南省,10
本溪市,辽宁省,10
六盘水市,贵州省,10
遂宁市,四川省,10
达州市,四川省,10
菏泽市,山东省,10
宣城市,安徽省,10
百色市,广西壮族自治区,10
呼和浩特市,内蒙古自治区,10
朝阳市,辽宁省,10
龙岩市,福建省,9
肇庆市,广东省,9
辽阳市,辽宁省,9
邵阳市,湖南省,9
濮阳市,河南省,9
南阳市,河南省,9
大同市,山西省,9
焦作市,河南省,9
白银市,甘肃省,9
伊春市,黑龙江省,9
崇左市,广西壮族自治区,9
运城市,山西省,9
盘锦市,辽宁省,9
九江市,江西省,9
宜宾市,四川省,9
牡丹江市,黑龙江省,9
四平市,吉林省,9
临沂市,山东省,9
新余市,江西省,9
德阳市,四川省,9
盐城市,江苏省,8
石景山区,北京市,8
眉山市,四川省,8
嘉定区,上海市,8
无锡市江阴市,江苏省,8
莆田市,福建省,8
海东市,青海省,8
泰安市,山东省,8
吕梁市,山西省,8
温州市鹿城区,浙江省,8
三门峡市,河南省,8
玉林市,广西壮族自治区,8
郴州市,湖南省,8
咸宁市,湖北省,8
安顺市,贵州省,8
杭州市临安区,浙江省,8
北海市,广西壮族自治区,8
阳江市,广东省,8
韶关市,广东省,8
阜阳市,安徽省,8
宿州市,安徽省,8
潍坊市,山东省,8
聊城市,山东省,8
辽源市,吉林省,8
营口市,辽宁省,8
信阳市,河南省,8
梧州市,广西壮族自治区,8
呼伦贝尔市,内蒙古自治区,8
锦州市,辽宁省,7
黔南布依族苗族自治州,贵州省,7
西双版纳傣族自治州,云南省,7
临汾市,山西省,7
邢台市,河北省,7
阳泉市,山西省,7
武威市,甘肃省,7
保山市,云南省,7
嘉兴市桐乡市,浙江省,7
乐山市,四川省,7
绍兴市诸暨市,浙江省,7
乌鲁木齐市,新疆维吾尔自治区,7
黄山市,安徽省,7
绵阳市,四川省,7
西宁市,青海省,7
齐齐哈尔市,黑龙江省,7
黑河市,黑龙江省,7
浦东新区,上海市,7
杨浦区,上海市,7
长治市,山西省,7
晋中市,山西省,7
陇南市,甘肃省,7
安庆市,安徽省,7
湖州市德清县,浙江省,7
温州市乐清市,浙江省,7
河池市,广西壮族自治区,7
玉溪市,云南省,7
文山壮族苗族自治州,云南省,7
顺义区,北京市,7
秦皇岛市,河北省,6
钦州市,广西壮族自治区,6
昌平区,北京市,6
吉安市,江西省,6
宜春市,江西省,6
苏州市昆山市,江苏省,6
闵行区,上海市,6
临沧市,云南省,6
黄南藏族自治州,青海省,6
广元市,四川省,6
丰台区,北京市,6
大兴区,北京市,6
密云区,北京市,6
雅安市,四川省,6
东莞市,广东省,6
保定市,河北省,6
湖州市长兴县,浙江省,6
驻马店市,河南省,6
揭阳市,广东省,6
海口市,海南省,6
漯河市,河南省,6
鄂州市,湖北省,6
商洛市,陕西省,6
乌海市,内蒙古自治区,6
清远市,广东省,6
凉山彝族自治州,四川省,6
南充市,四川省,6
拉萨市,西藏自治区,6
毕节市,贵州省,6
丹东市,辽宁省,6
铁岭市,辽宁省,5
铜仁市,贵州省,5
延安市,陕西省,5
七台河市,黑龙江省,5
汉中市,陕西省,5
温州市平阳县,浙江省,5
乌兰察布市,内蒙古自治区,5
阜新市,辽宁省,5
铜陵市,安徽省,5
海淀区,北京市,5
东城区,北京市,5
崇左市龙州县,广西壮族自治区,5
深圳市宝安区,广东省,5
深圳市龙华区,广东省,5
黄冈市,湖北省,5
娄底市,湖南省,5
柳州市三江侗族自治县,广西壮族自治区,5
丽水市龙泉市,浙江省,5
日照市,山东省,5
周口市,河南省,5
温州市洞头区,浙江省,5
温州市苍南县,浙江省,5
柳州市,广西壮族自治区,5
河源市,广东省,5
白城市,吉林省,5
承德市,河北省,5
通州区,北京市,5
阿坝藏族羌族自治州,四川省,5
鸡西市,黑龙江省,5
静安区,上海市,5
宝山区,上海市,5
绥化市,黑龙江省,5
湘潭市,湖南省,5
朔州市,山西省,5
红桥区,天津市,5
黔西南布依族苗族自治州,贵州省,4
榆林市,陕西省,4
通化市,吉林省,4
恩施土家族苗族自治州,湖北省,4
绍兴市越城区,浙江省,4
荆门市,湖北省,4
贺州市,广西壮族自治区,4
百色市德保县,广西壮族自治区,4
贺州市钟山县,广西壮族自治区,4
张掖市,甘肃省,4
百色市凌云县,广西壮族自治区,4
宝坻区,天津市,4
河东区,天津市,4
宿迁市泗阳县,江苏省,4
大庆市,黑龙江省,4
苏州市张家港市,江苏省,4
河北区,天津市,4
吉林市;长春市,吉林省,4
津南区,天津市,4
西青区,天津市,4
蓟州区,天津市,4
贵港市,广西壮族自治区,4
玉林市容县,广西壮族自治区,4
舟山市嵊泗县,浙江省,4
温州市龙港市,浙江省,4
商丘市,河南省,4
济宁市,山东省,4
嘉兴市海宁市,浙江省,4
迪庆藏族自治州,云南省,4
嘉兴市平湖市,浙江省,4
嘉兴市南湖区,浙江省,4
嘉兴市嘉善县,浙江省,4
茂名市,广东省,4
河池市宜州区,广西壮族自治区,4
来宾市,广西壮族自治区,4
嘉兴市海盐县,浙江省,4
巴彦淖尔市,内蒙古自治区,4
鹤岗市,黑龙江省,4
普陀区,上海市,4
苏州市常熟市,江苏省,4
松江区,上海市,4
自贡市,四川省,4
南通市如东县,江苏省,4
泸州市,四川省,4
和平区,天津市,4
防城港市,广西壮族自治区,4
湖州市吴兴区,浙江省,3
舟山市定海区,浙江省,3
湖州市南浔区,浙江省,3
温州市永嘉县,浙江省,3
杭州市萧山区,浙江省,3
河池市南丹县,广西壮族自治区,3
绍兴市上虞区,浙江省,3
崇左市扶绥县,广西壮族自治区,3
台州市路桥区,浙江省,3
宁波市奉化区,浙江省,3
大理白族自治州,云南省,3
通辽市,内蒙古自治区,3
来宾市兴宾区,广西壮族自治区,3
来宾市忻城县,广西壮族自治区,3
来宾市象州县,广西壮族自治区,3
南宁市武鸣区,广西壮族自治区,3
南宁市横县,广西壮族自治区,3
崇左市大新县,广西壮族自治区,3
南宁市邕宁区,广西壮族自治区,3
阳江市阳春市,广东省,3
阳江市江城区,广东省,3
南宁市江南区,广西壮族自治区,3
潮州市,广东省,3
惠州市龙门县,广东省,3
汕尾市,广东省,3
广州市番禺区,广东省,3
丽水市缙云县,浙江省,3
丽水市遂昌县,浙江省,3
柳州市柳江区,广西壮族自治区,3
梧州市蒙山县,广西壮族自治区,3
湛江市,广东省,3
云浮市,广东省,3
金华市磐安县,浙江省,3
株洲市,湖南省,3
上饶市,江西省,3
固原市,宁夏回族自治区,3
滨海新区,天津市,3
常德市,湖南省,3
钦州市钦北区,广西壮族自治区,3
西城区,北京市,3
抚州市,江西省,3
石嘴山市,宁夏回族自治区,3
攀枝花市,四川省,3
怀柔区,北京市,3
南开区,天津市,3
东丽区,天津市,3
巴中市,四川省,3
阿勒泰地区,新疆维吾尔自治区,3
连云港市海州区,江苏省,3
喀什地区,新疆维吾尔自治区,3
哈密市,新疆维吾尔自治区,3
泰州市靖江市,江苏省,3
无锡市滨湖区,江苏省,3
黄浦区,上海市,3
丽江市,云南省,3
淮安市淮安区,江苏省,2
奉贤区,上海市,2
金山区,上海市,2
德宏傣族景颇族自治州,云南省,2
昭通市,云南省,2
兴安盟,内蒙古自治区,2
无锡市惠山区,江苏省,2
赤峰市,内蒙古自治区,2
吐鲁番市,新疆维吾尔自治区,2
朝阳区,北京市,2
门头沟区,北京市,2
松原市,吉林省,2
白山市,吉林省,2
扬州市江都区,江苏省,2
金华市义乌市,浙江省,2
金华市武义县,浙江省,2
金华市金东区,浙江省,2
三亚市,海南省,2
琼海市,海南省,2
宜昌市五峰土家族自治县,湖北省,2
百色市右江区,广西壮族自治区,2
百色市平果市,广西壮族自治区,2
百色市田林县,广西壮族自治区,2
贵港市港北区,广西壮族自治区,2
贵港市覃塘区,广西壮族自治区,2
贺州市昭平县,广西壮族自治区,2
钦州市浦北县,广西壮族自治区,2
钦州市灵山县,广西壮族自治区,2
钦州市钦南区,广西壮族自治区,2
伊犁哈萨克自治州,新疆维吾尔自治区,2
惠州市惠城区,广东省,2
揭阳市揭东区,广东省,2
揭阳市普宁市,广东省,2
汕头市濠江区,广东省,2
汕头市龙湖区,广东省,2
佛山市南海区,广东省,2
佛山市顺德区,广东省,2
佛山市高明区,广东省,2
荆州市,湖北省,2
随州市,湖北省,2
黄石市,湖北省,2
广州市天河区,广东省,2
广州市海珠区,广东省,2
广州市花都区,广东省,2
广州市越秀区,广东省,2
温州市龙湾区,浙江省,2
绍兴市嵊州市,浙江省,2
绍兴市柯桥区,浙江省,2
舟山市岱山县,浙江省,2
舟山市普陀区,浙江省,2
衢州市常山县,浙江省,2
衢州市柯城区,浙江省,2
江门市台山市,广东省,2
江门市江海区,广东省,2
江门市鹤山市,广东省,2
桂林市资源县,广西壮族自治区,2
桂林市龙胜各族自治县,广西壮族自治区,2
梧州市岑溪市,广西壮族自治区,2
梧州市藤县,广西壮族自治区,2
河池市凤山县,广西壮族自治区,2
河池市大化瑶族自治县,广西壮族自治区,2
河池市天峨县,广西壮族自治区,2
河池市巴马瑶族自治县,广西壮族自治区,2
徐州市新沂市,江苏省,2
镇江市句容市,江苏省,2
镇江市扬中市,江苏省,2
景德镇市,江西省,2
深圳市南山区,广东省,2
珠海市横琴粤澳深度合作区,广东省,2
肇庆市广宁县,广东省,2
肇庆市德庆县,广东省,2
肇庆市端州区,广东省,2
肇庆市高要区,广东省,2
北海市铁山港区,广西壮族自治区,2
南宁市良庆区,广西壮族自治区,2
崇左市天等县,广西壮族自治区,2
崇左市宁明县,广西壮族自治区,2
宁波市海曙区,浙江省,2
宁波市镇海区,浙江省,2
杭州市上城区,浙江省,2
杭州市临平区,浙江省,2
杭州市建德市,浙江省,2
杭州市西湖区,浙江省,2
杭州市钱塘区,浙江省,2
温州市泰顺县,浙江省,2
克拉玛依市,新疆维吾尔自治区,2
台州市天台县,浙江省,2
柳州市柳城县,广西壮族自治区,2
柳州市鱼峰区,广西壮族自治区,2
昌吉回族自治州,新疆维吾尔自治区,2
南京市浦口区,江苏省,2
南通市如皋市,江苏省,2
南通市海安市,江苏省,2
南通市通州区,江苏省,2
宿迁市宿豫区,江苏省,2
宿迁市沭阳县,江苏省,2
宿迁市泗洪县,江苏省,2
常州市天宁区,江苏省,2
六安市,安徽省,2
池州市,安徽省,2
成都市崇州市,四川省,2
成都市邛崃市,四川省,2
甘孜藏族自治州,四川省,2
资阳市,四川省,2
武清区,天津市,2
锡林郭勒盟,内蒙古自治区,2
怀化市,湖南省,2
益阳市,湖南省,2
衡阳市,湖南省,2
定西市,甘肃省,2
甘南藏族自治州,甘肃省,2
酒泉市,甘肃省,2
静海区,天津市,2
吴忠市,宁夏回族自治区,2
大兴安岭地区,黑龙江省,2
徐州市铜山区,江苏省,2
徐州市鼓楼区,江苏省,2
安康市,陕西省,2
铜川市,陕西省,2
海西蒙古族藏族自治州,青海省,2
西安市雁塔区,陕西省,1
果洛藏族自治州,青海省,1
海东市民和回族土族自治县,青海省,1
黄南藏族自治州尖扎县,青海省,1
佳木斯市,黑龙江省,1
徐州市沛县,江苏省,1
徐州市睢宁县,江苏省,1
徐州市邳州市,江苏省,1
扬州市仪征市,江苏省,1
扬州市广陵区,江苏省,1
庆阳市,甘肃省,1
酒泉市阿克塞哈萨克族自治县,甘肃省,1
平潭综合实验区,福建省,1
中卫市,宁夏回族自治区,1
张家界市,湖南省,1
永州市,湖南省,1
湘西土家族苗族自治州,湖南省,1
临夏回族自治州,甘肃省,1
成都市都江堰市,四川省,1
成都市金堂县,四川省,1
成都市金牛区,四川省,1
宁河区,天津市,1
银川市灵武市,宁夏回族自治区,1
成都市彭州市,四川省,1
成都市新都区,四川省,1
成都市郫都区,四川省,1
南通市海门区,江苏省,1
常州市新北区,江苏省,1
常州市溧阳市,江苏省,1
巴音郭楞蒙古自治州,新疆维吾尔自治区,1
昌吉回族自治州木垒哈萨克自治县,新疆维吾尔自治区,1
南京市江宁区,江苏省,1
南通市启东市,江苏省,1
台州市临海市,浙江省,1
柳州市柳南区,广西壮族自治区,1
桂林市全州县,广西壮族自治区,1
桂林市叠彩区,广西壮族自治区,1
桂林市灌阳县,广西壮族自治区,1
克孜勒苏柯尔克孜自治州,新疆维吾尔自治区,1
丽水市庆元县,浙江省,1
丽水市景宁畲族自治县,浙江省,1
丽水市松阳县,浙江省,1
丽水市莲都区,浙江省,1
丽水市青田县,浙江省,1
台州市三门县,浙江省,1
杭州市拱墅区,浙江省,1
杭州市桐庐县,浙江省,1
杭州市滨江区,浙江省,1
温州市文成县,浙江省,1
宁波市鄞州区,浙江省,1
杭州市;杭州市滨江区,浙江省,1
杭州市;湖州市;嘉兴市;绍兴市,浙江省,1
杭州市富阳区,浙江省,1
南宁市隆安县,广西壮族自治区,1
崇左市凭祥市,广西壮族自治区,1
崇左市江州区,广西壮族自治区,1
来宾市武宣县,广西壮族自治区,1
台州市玉环市,浙江省,1
台州市黄岩区,浙江省,1
茂名市茂南区,广东省,1
茂名市高州市,广东省,1
阳江市阳西县,广东省,1
韶关市乐昌市,广东省,1
北海市海城区,广西壮族自治区,1
南宁市宾阳县,广西壮族自治区,1
粤港澳大湾区,广东省,1
肇庆市四会市,广东省,1
肇庆市鼎湖区,广东省,1
茂名市信宜市,广东省,1
河源市紫金县,广东省,1
河源市龙川县,广东省,1
深圳市坪山区,广东省,1
深圳市龙岗区,广东省,1
湛江市廉江市,广东省,1
湛江市徐闻县,广东省,1
镇江市润州区,江苏省,1
张家口市,河北省,1
秦皇岛市青龙满族自治县,河北省,1
衡水市桃城区,河北省,1
玉林市玉州区,广西壮族自治区,1
玉林市福绵区,广西壮族自治区,1
百色市乐业县,广西壮族自治区,1
常州市钟楼区,江苏省,1
徐州市丰县,江苏省,1
连云港市东海县,江苏省,1
连云港市灌云县,江苏省,1
连云港市赣榆区,江苏省,1
河池市东兰县,广西壮族自治区,1
河池市罗城仫佬族自治县,广西壮族自治区,1
河池市金城江区,广西壮族自治区,1
玉林市兴业县,广西壮族自治区,1
桂林市荔浦市,广西壮族自治区,1
梧州市万秀区,广西壮族自治区,1
梧州市苍梧县,广西壮族自治区,1
梧州市龙圩区,广西壮族自治区,1
衢州市开化县,浙江省,1
衢州市江山市,浙江省,1
江门市恩平市,广东省,1
河源市东源县,广东省,1
温州市瓯海区,浙江省,1
温州市龙湾区;温州市,浙江省,1
广州市增城区,广东省,1
广州市增城市,广东省,1
广州市白云区,广东省,1
广州市黄埔区,广东省,1
恩施土家族苗族自治州恩施市,湖北省,1
岳阳市,湖南省,1
广州市;佛山市,广东省,1
广州市;清远市,广东省,1
广州市南沙区,广东省,1
梅州市梅县区,广东省,1
汕头市潮南区,广东省,1
太原市尖草坪区,山西省,1
惠州市惠阳区,广东省,1
揭阳市榕城区,广东省,1
梅州市丰顺县,广东省,1
梅州市五华县,广东省,1
梅州市兴宁市,广东省,1
防城港市东兴市,广西壮族自治区,1
防城港市防城区,广西壮族自治区,1
百色市田东县,广西壮族自治区,1
百色市田阳县,广西壮族自治区,1
百色市西林县,广西壮族自治区,1
百色市隆林各族自治县,广西壮族自治区,1
乐东黎族自治县,海南省,1
儋州市,海南省,1
定安县,海南省,1
文昌市,海南省,1
陵水黎族自治县,海南省,1
天门市,湖北省,1
茂名市化州市,广东省,1
金华市兰溪市,浙江省,1
金华市浦江县,浙江省,1
万宁市,海南省,1
泉州市鲤城区,福建省,1
昌都市,西藏自治区,1
毕节市威宁彝族回族苗族自治县,贵州省,1
黔东南苗族侗族自治州,贵州省,1
丹东市宽甸满族自治县,辽宁省,1
沈阳市;本溪市,辽宁省,1
徐汇区,上海市,1
平谷区,北京市,1
房山区,北京市,1
松原市前郭尔罗斯蒙古族自治县,吉林省,1
白山市长白朝鲜族自治县,吉林省,1
淮安市淮阴区,江苏省,1
盐城市亭湖区,江苏省,1
盐城市射阳县,江苏省,1
盐城市阜宁县,江苏省,1
苏州市太仓市,江苏省,1
石柱土家族自治县,重庆市,1
和田地区,新疆维吾尔自治区,1
哈密市巴里坤哈萨克自治县,新疆维吾尔自治区,1
扬州市邗江区,江苏省,1
鞍山市;南京市,辽宁省,1
无锡市梁溪区,江苏省,1
无锡市锡山区,江苏省,1
泰州市姜堰区,江苏省,1
泰州市泰兴市,江苏省,1
泰州市海陵区,江苏省,1
呼伦贝尔市莫力达瓦达斡尔族自治旗,内蒙古自治区,1
